Date,Open,High,Low,Close,Adj Close,Volume
2012-05-22,52.75,52.75,52.75,52.69,52.69,925
2012-05-31,52.85,52.85,52.85,53.01,53.01,925
2012-06-05,53.45,53.45,53.45,53.39,53.39,80
2012-06-13,52.24,52.24,52.24,52.14,52.14,115
2012-06-18,52.2,52.2,52.2,52.31,52.31,195
2012-08-02,52.7,52.7,52.7,52.6,52.6,130
2012-08-21,52.99,52.99,52.99,52.85,52.85,15
2012-08-23,53.18,53.18,53.18,53.11,53.11,8
2012-09-17,53.4,53.4,53.4,53.34,53.34,10
2012-09-27,53.52,53.52,53.52,53.61,53.61,10
2012-10-08,53.91,53.91,53.91,53.87,53.87,10
2012-10-19,54.11,54.11,54.11,54.03,54.03,23
2012-11-02,54.16,54.16,54.16,54.1,54.1,10
2012-12-13,55.06,55.06,55.0,54.99,54.99,1600
2012-12-14,55.1,55.1,55.1,54.99,54.99,100
2012-12-17,55.06,55.06,55.06,55.05,55.05,90
2012-12-21,55.27,55.27,55.25,55.17,55.17,2500
2013-01-03,55.21,55.21,55.21,55.34,55.34,270
2013-01-10,55.25,55.25,55.25,55.23,55.23,480
2013-01-28,55.08,55.08,55.08,54.91,54.91,35
2013-01-29,55.01,55.01,55.01,55.0,55.0,20
2013-03-11,54.58,54.58,54.58,54.51,54.51,100
2013-04-05,55.42,55.42,55.42,55.02,55.02,1000
2013-04-15,55.37,55.37,55.37,55.35,55.35,515
2013-04-16,55.29,55.29,55.29,55.33,55.33,619
2013-04-18,55.5,55.5,55.5,55.47,55.47,93
2013-04-19,55.46,55.46,55.46,55.47,55.47,139
2013-04-26,55.8,55.8,55.8,55.83,55.83,400
2013-04-30,56.18,56.18,56.18,56.07,56.07,1490
2013-05-03,56.45,56.45,56.45,56.34,56.34,150
2013-05-08,56.16,56.16,56.16,56.2,56.2,1000
2013-05-13,55.9,55.91,55.9,55.83,55.83,330
2013-05-16,55.85,55.85,55.84,55.9,55.9,920
2013-05-20,56.05,56.05,56.05,55.97,55.97,445
2013-05-21,55.9,55.9,55.9,55.86,55.86,895
2013-05-24,55.65,55.65,55.65,55.6,55.6,100
2013-05-30,55.48,55.48,55.48,55.46,55.46,400
2013-06-10,55.2,55.2,55.2,55.02,55.02,500
2013-06-12,54.91,54.91,54.91,54.86,54.86,100
2013-06-13,54.94,54.94,54.94,54.92,54.92,207
2013-06-17,55.13,55.13,55.13,55.12,55.12,18
2013-06-19,55.13,55.13,55.13,55.1,55.1,50
2013-06-20,54.53,54.53,54.53,54.53,54.53,20
2013-06-21,54.64,54.64,54.64,54.38,54.38,100
2013-06-24,54.12,54.12,54.12,53.96,53.96,37
2013-06-25,54.09,54.09,54.09,53.95,53.95,37
2013-06-26,54.15,54.15,54.15,54.26,54.26,37
2013-06-27,54.5,54.5,54.5,54.46,54.46,36
2013-07-12,55.01,55.01,55.01,54.94,54.94,300
2013-07-18,54.98,54.98,54.98,55.07,55.07,12
2013-07-29,54.88,54.94,54.88,54.94,54.94,11
2013-08-02,54.4,54.4,54.4,54.5,54.5,8
2013-08-23,53.95,53.95,53.95,53.99,53.99,28
2013-08-26,53.98,53.98,53.98,54.03,54.03,18
2013-09-06,53.85,53.85,53.85,53.88,53.88,9
2013-09-20,54.14,54.14,54.14,54.2,54.2,17
2013-09-24,54.33,54.49,54.33,54.45,54.45,1140
2013-10-07,54.56,54.56,54.56,54.62,54.62,1000
2013-10-16,54.49,54.49,54.49,54.49,54.49,9500
2013-10-21,54.72,54.75,54.72,54.7,54.7,15400
2013-10-22,54.78,54.79,54.78,54.9,54.9,182
2013-11-14,55.19,55.19,55.19,55.29,55.29,3300
2013-11-29,55.34,55.34,55.33,55.37,55.37,182
2013-12-03,55.35,55.35,55.35,55.35,55.35,100
2013-12-11,55.24,55.24,55.24,55.35,55.35,55
2013-12-13,55.19,55.19,55.19,55.21,55.21,155
2014-01-13,55.52,55.52,55.52,55.5,55.5,1100
2014-01-22,55.79,55.79,55.79,55.74,55.74,1600
2014-02-06,55.63,55.63,55.63,55.58,55.58,3900
2014-02-18,55.77,55.77,55.77,55.81,55.81,100
2014-03-11,56.15,56.15,56.15,56.12,56.12,1400
2014-03-13,56.24,56.24,56.24,56.29,56.29,4850
2014-03-14,56.38,56.38,56.38,56.29,56.29,64
2014-03-26,56.35,56.4,56.35,56.45,56.45,800
2014-04-01,56.52,56.52,56.52,56.49,56.49,62
2014-04-09,56.65,56.65,56.65,56.61,56.61,6270
2014-04-16,56.9,56.9,56.9,56.98,56.98,64
2014-04-24,56.92,56.92,56.92,56.89,56.89,404
2014-05-05,57.25,57.25,57.25,57.17,57.17,37
2014-05-12,57.3,57.3,57.3,57.27,57.27,5
2014-05-13,57.29,57.29,57.29,57.36,57.36,4400
2014-06-23,58.02,58.02,58.02,57.98,57.98,326
2014-06-24,58.04,58.04,57.99,58.04,58.04,328
2014-07-03,58.16,58.16,58.16,58.15,58.15,7
2014-07-07,58.32,58.32,58.32,58.28,58.28,90
2014-07-21,58.69,58.72,58.69,58.68,58.68,284
2014-07-23,58.75,58.75,58.75,58.72,58.72,7
2014-07-28,58.79,58.79,58.79,58.83,58.83,50
2014-07-30,59.01,59.01,58.95,58.82,58.82,62
2014-08-07,58.36,58.37,58.36,58.32,58.32,200
2014-08-18,58.87,58.88,58.87,58.73,58.73,135
2014-08-20,58.84,58.9,58.84,58.91,58.91,807
2014-08-26,59.3,59.3,59.3,59.31,59.31,100
2014-09-02,59.2,59.2,59.2,59.14,59.14,9
2014-09-03,58.98,58.98,58.98,59.15,59.15,50
2014-09-05,59.24,59.24,59.24,59.38,59.38,50
2014-09-10,58.92,59.03,58.92,58.98,58.98,3900
2014-09-17,59.03,59.03,59.03,58.98,58.98,33
2014-09-22,59.2,59.2,59.2,59.16,59.16,43
2014-09-25,59.35,59.35,59.35,59.32,59.32,84
2014-10-01,59.54,59.54,59.48,59.58,59.58,189
2014-10-08,59.48,59.48,59.48,59.49,59.49,80
2014-10-17,59.34,59.34,59.34,59.29,59.29,33
2014-10-20,59.39,59.39,59.39,59.18,59.18,13680
2014-11-03,59.62,59.62,59.6,59.44,59.44,59
2014-11-04,59.5,59.5,59.5,59.55,59.55,2654
2014-11-11,59.59,59.59,59.59,59.63,59.63,84
2014-11-20,59.71,59.71,59.71,59.7,59.7,60
2014-11-21,59.74,59.74,59.74,59.86,59.86,400
2014-11-25,59.99,59.99,59.99,60.04,60.04,35
2014-11-27,60.09,60.28,60.09,60.26,60.26,323
2014-12-01,60.42,60.42,60.41,60.32,60.32,23
2014-12-03,60.39,60.39,60.39,60.32,60.32,175
2014-12-04,60.35,60.35,60.2,60.25,60.25,280
2014-12-08,60.31,60.39,60.31,60.46,60.46,80
2014-12-09,60.41,60.41,60.41,60.44,60.44,88
2014-12-11,60.42,60.42,60.42,60.41,60.41,350
2014-12-12,60.16,60.47,60.16,60.51,60.51,168
2014-12-15,60.55,60.55,60.55,60.58,60.58,28
2014-12-16,60.64,60.64,60.64,60.66,60.66,20
2014-12-19,60.68,60.68,60.68,60.72,60.72,116
2014-12-29,60.78,60.78,60.78,60.88,60.88,20
2015-01-02,61.11,61.11,61.11,61.25,61.25,8
2015-01-05,61.2,61.22,61.2,61.17,61.17,448
2015-01-12,61.19,61.31,61.19,61.29,61.29,90
2015-01-13,61.43,61.43,61.43,61.34,61.34,2400
2015-01-16,61.73,61.75,61.73,61.7,61.7,283
2015-01-21,61.64,61.64,61.64,61.54,61.54,28
2015-01-23,62.4,62.4,62.34,62.26,62.26,114
2015-01-26,62.4,62.4,62.33,62.3,62.3,280
2015-01-27,62.27,62.27,62.27,62.26,62.26,20
2015-01-28,62.05,62.05,62.05,62.22,62.22,250
2015-02-02,62.04,62.04,62.0,61.97,61.97,16
2015-02-03,61.68,61.68,61.64,61.93,61.93,271
2015-02-04,61.98,61.98,61.98,61.96,61.96,1
2015-02-06,62.06,62.06,62.05,61.89,61.89,100
2015-02-09,61.87,61.87,61.87,61.8,61.8,270
2015-02-11,61.72,61.8,61.72,61.77,61.77,53
2015-02-12,61.9,61.9,61.9,61.89,61.89,15
2015-02-19,61.79,61.79,61.79,61.77,61.77,92
2015-02-20,61.79,61.86,61.79,61.82,61.82,660
2015-02-24,61.93,61.98,61.93,62.0,62.0,2000
2015-02-26,62.36,62.44,62.36,62.4,62.4,96
2015-02-27,62.43,62.43,62.43,62.39,62.39,50
2015-03-02,62.42,62.42,62.42,62.29,62.29,8
2015-03-03,62.2,62.2,62.2,62.16,62.16,13
2015-03-04,62.18,62.18,62.18,62.14,62.14,90
2015-03-05,62.08,62.08,62.08,62.32,62.32,161
2015-03-06,62.46,62.46,62.46,62.3,62.3,28
2015-03-11,63.15,63.15,63.15,63.28,63.28,10
2015-03-17,63.05,63.05,63.05,62.99,62.99,160
2015-03-19,63.04,63.08,63.04,63.09,63.09,33
2015-03-24,62.93,62.93,62.93,62.91,62.91,6
2015-03-27,62.97,62.97,62.97,62.95,62.95,6
2015-03-30,64.0,64.0,64.0,62.99,62.99,32
2015-04-01,63.19,63.23,63.19,63.21,63.21,43
2015-04-08,63.24,63.24,63.2,63.16,63.16,21
2015-04-15,63.28,63.28,63.28,63.35,63.35,90
2015-04-17,63.17,63.17,63.12,63.09,63.09,5048
2015-04-20,63.15,63.15,63.15,63.11,63.11,10
2015-04-21,63.15,63.15,63.15,63.03,63.03,51
2015-04-22,63.15,63.15,63.15,63.02,63.02,150
2015-04-24,62.94,62.94,62.94,62.94,62.94,5
2015-04-29,62.64,62.64,62.64,62.43,62.43,4
2015-05-04,62.13,62.13,62.01,61.98,61.98,2854
2015-05-05,61.46,61.46,61.46,61.29,61.29,20005
2015-05-06,61.04,61.04,61.04,60.97,60.97,20005
2015-05-07,60.6,60.6,60.16,61.19,61.19,20110
2015-05-08,61.3,61.3,61.3,61.39,61.39,80
2015-05-12,60.86,60.86,60.86,60.81,60.81,15000
2015-05-18,60.88,60.88,60.8,60.81,60.81,180
2015-05-22,61.11,61.11,61.11,61.04,61.04,5200
2015-05-26,61.06,61.06,61.06,61.04,61.04,20000
2015-05-28,61.15,61.15,61.15,61.14,61.14,10
2015-06-01,61.24,61.24,61.24,61.11,61.11,8
2015-06-04,59.99,59.99,59.99,60.13,60.13,2
2015-06-08,59.85,59.85,59.85,59.75,59.75,70
2015-06-10,59.24,59.3,59.24,59.4,59.4,15080
2015-06-11,59.64,59.8,59.64,59.74,59.74,45000
2015-06-12,59.54,59.54,59.54,59.64,59.64,15000
2015-06-22,59.68,59.68,59.68,59.74,59.74,1700
2015-06-29,59.62,59.62,59.19,59.53,59.53,11026
2015-06-30,59.48,59.6,59.48,59.7,59.7,117
2015-07-01,59.95,59.95,59.95,59.61,59.61,9
2015-07-06,59.5,59.5,59.49,59.53,59.53,500
2015-07-13,59.34,59.34,59.34,59.79,59.79,26
2015-07-16,60.15,60.15,60.15,60.2,60.2,160
2015-07-24,60.74,60.74,60.74,60.8,60.8,330
2015-08-03,60.73,60.73,60.73,60.71,60.71,8
2015-08-06,60.25,60.25,60.25,60.42,60.42,5
2015-08-07,60.46,60.46,60.46,60.55,60.55,2
2015-08-10,60.55,60.55,60.55,60.5,60.5,847
2015-08-11,60.75,60.75,60.75,60.8,60.8,5
2015-08-25,60.45,60.45,60.21,60.08,60.08,15005
2015-09-01,59.95,59.95,59.95,59.98,59.98,15000
2015-09-02,60.01,60.01,59.97,59.99,59.99,30000
2015-09-07,60.41,60.41,60.41,60.32,60.32,82
2015-09-22,60.7,60.7,60.7,60.77,60.77,50
2015-09-30,60.81,60.81,60.81,60.86,60.86,2730
2015-10-06,60.93,60.93,60.93,60.92,60.92,985
2015-10-07,60.89,60.89,60.89,60.92,60.92,5
2015-10-14,61.15,61.15,61.15,61.16,61.16,5000
2015-10-15,61.23,61.23,61.23,61.09,61.09,5
2015-10-22,61.17,61.17,61.17,61.51,61.51,5
2015-10-29,61.78,61.78,61.78,61.5,61.5,925
2015-11-03,61.29,61.29,61.29,61.23,61.23,50
2015-11-05,61.12,61.35,61.09,61.03,61.03,78
2015-11-06,61.05,61.05,61.05,60.73,60.73,2
2015-11-09,60.62,60.62,60.6,60.68,60.68,4291
2015-11-10,60.74,60.93,60.74,60.93,60.93,990
2015-11-11,61.04,61.04,61.04,61.05,61.05,16505
2015-11-12,61.1,61.1,61.1,61.11,61.11,82
2015-12-02,61.72,61.72,61.72,61.82,61.82,35
2015-12-08,61.36,61.36,61.36,61.45,61.45,25
2015-12-10,61.4,61.4,61.4,61.41,61.41,170
2015-12-14,61.4,61.4,61.4,61.33,61.33,200
2015-12-15,61.21,61.21,61.21,61.07,61.07,55
2016-01-05,61.42,61.42,61.42,61.38,61.38,650
2016-01-15,61.49,61.49,61.49,61.47,61.47,325
2016-01-20,61.7,61.7,61.7,61.51,61.51,35
2016-01-26,61.84,61.84,61.84,61.87,61.87,81
2016-02-02,61.91,61.95,61.91,61.91,61.91,161
2016-02-03,61.92,61.92,61.92,62.06,62.06,90
2016-02-09,61.98,61.98,61.98,61.84,61.84,40
2016-02-17,61.88,61.88,61.88,61.83,61.83,20
2016-02-22,62.19,62.19,62.19,62.25,62.25,350
2016-02-25,62.29,62.37,62.29,62.38,62.38,370
2016-02-26,62.4,62.4,62.4,62.4,62.4,500
2016-03-04,62.22,62.22,62.22,62.13,62.13,200
2016-03-09,62.28,62.33,62.28,62.23,62.23,900
2016-03-10,62.55,62.55,62.1,62.05,62.05,30000
2016-03-14,62.42,62.46,62.42,62.35,62.35,18841
2016-03-16,62.54,62.62,62.28,62.26,62.26,1093
2016-03-22,62.62,62.62,62.62,62.65,62.65,40
2016-03-24,62.74,62.74,62.71,62.65,62.65,2610
2016-03-29,62.81,62.9,62.81,62.89,62.89,150
2016-04-14,62.72,62.72,62.72,62.7,62.7,16500
2016-04-20,63.0,63.0,63.0,62.63,62.63,10
2016-04-22,62.42,62.42,62.42,62.35,62.35,31
2016-04-25,62.37,62.37,62.37,62.19,62.19,310
2016-05-10,62.63,62.63,62.63,62.59,62.59,15000
2016-05-16,62.63,62.63,62.63,62.62,62.62,71
2016-06-03,62.96,62.96,62.96,63.1,63.1,470
2016-06-07,63.06,63.06,63.06,63.17,63.17,3841
2016-06-20,63.27,63.27,63.27,63.24,63.24,156
2016-06-22,63.27,63.27,63.27,63.24,63.24,79
2016-06-23,63.24,63.24,63.24,63.18,63.18,15000
2016-06-27,63.82,63.82,63.82,63.8,63.8,2825
2016-07-01,64.3,64.43,64.3,64.42,64.42,31505
2016-07-04,64.38,64.38,64.38,64.38,64.38,30
2016-07-06,64.54,64.54,64.54,64.54,64.54,13
2016-07-13,64.42,64.46,64.42,64.53,64.53,200
2016-07-18,64.22,64.22,64.22,64.2,64.2,15000
2016-07-19,64.25,64.25,64.25,64.23,64.23,15000
2016-07-25,64.5,64.5,64.5,64.36,64.36,100
2016-07-26,64.35,64.35,64.35,64.33,64.33,10
2016-07-27,64.6,64.6,64.6,64.54,64.54,500
2016-07-28,64.64,64.64,64.63,64.57,64.57,978
2016-08-01,64.65,64.65,64.65,64.7,64.7,90
2016-08-02,64.29,64.29,64.24,64.21,64.21,3903
2016-08-04,64.4,64.4,64.4,64.46,64.46,2140
2016-08-05,64.36,64.36,64.36,64.33,64.33,1750
2016-08-08,64.37,64.37,64.37,64.39,64.39,11169
2016-08-16,64.44,64.44,64.27,64.3,64.3,10
2016-09-05,64.22,64.23,64.22,64.19,64.19,5587
2016-09-07,64.58,64.6,64.58,64.6,64.6,581
2016-09-12,63.64,63.64,63.64,63.77,63.77,35
2016-09-13,63.88,63.88,63.88,63.71,63.71,16676
2016-09-23,64.3,64.3,64.3,64.29,64.29,37280
2016-09-28,64.52,64.52,64.52,64.53,64.53,300
2016-09-30,64.49,64.49,64.44,64.43,64.43,3397
2016-10-03,64.4,64.4,64.4,64.29,64.29,150
2016-10-05,63.96,63.96,63.96,63.8,63.8,100
2016-10-10,63.73,63.73,63.73,63.62,63.62,10
2016-10-12,63.66,63.66,63.6,63.57,63.57,516
2016-10-13,63.68,63.68,63.68,63.7,63.7,100
2016-10-14,63.67,63.68,63.67,63.65,63.65,1202
2016-10-19,63.78,63.78,63.75,63.75,63.75,3169
2016-10-25,63.8,63.8,63.73,63.75,63.75,500
2016-10-26,63.72,63.72,63.72,63.46,63.46,157
2016-10-27,63.25,63.25,63.25,63.05,63.05,15000
2016-10-28,63.0,63.0,63.0,63.03,63.03,90
2016-11-02,63.18,63.18,63.18,63.16,63.16,152
2016-11-09,63.06,63.06,63.06,62.94,62.94,470
2016-11-14,61.67,61.67,61.67,61.75,61.75,100
2016-11-16,61.92,61.92,61.92,61.98,61.98,100
2016-11-18,61.88,61.88,61.88,61.93,61.93,228
2016-11-21,61.9,61.9,61.9,61.95,61.95,100
2016-11-25,61.89,61.89,61.89,61.87,61.87,600
2016-11-28,62.02,62.02,62.02,62.04,62.04,310
2016-11-29,62.2,62.2,62.2,62.16,62.16,5000
2016-11-30,62.07,62.07,62.07,62.03,62.03,2895
2016-12-01,61.92,61.96,61.88,61.76,61.76,7818
2016-12-02,61.88,61.88,61.88,62.11,62.11,5817
2016-12-06,62.15,62.15,62.15,61.91,61.91,5805
2016-12-08,61.86,61.86,61.86,61.81,61.81,50
2016-12-09,61.83,61.83,61.75,61.74,61.74,10201
2016-12-12,61.47,61.47,61.37,61.58,61.58,6
2016-12-16,62.11,62.11,62.11,62.1,62.1,7
2016-12-19,62.11,62.21,62.11,62.39,62.39,431
2016-12-22,62.3,62.3,62.3,62.36,62.36,781
2016-12-28,62.71,62.71,62.66,62.57,62.57,300
2016-12-29,62.67,62.67,62.67,62.66,62.66,40
2016-12-30,62.57,62.57,62.57,62.46,62.46,435
2017-01-03,62.33,62.33,62.33,62.15,62.15,1
2017-01-05,61.97,61.97,61.97,62.0,62.0,50
2017-01-06,61.99,61.99,61.88,61.84,61.84,36505
2017-01-12,62.21,62.21,62.21,62.1,62.1,451
2017-01-13,62.07,62.07,61.94,61.95,61.95,2637
2017-01-16,62.0,62.0,62.0,61.98,61.98,554
2017-01-17,62.25,62.25,62.25,62.06,62.06,414
2017-01-23,61.54,61.54,61.54,61.77,61.77,413
2017-02-07,60.85,60.85,60.83,60.81,60.81,1490
2017-02-08,61.13,61.13,61.13,61.1,61.1,335
2017-02-09,61.21,61.21,61.21,61.23,61.23,700
2017-02-16,60.96,61.05,60.96,61.17,61.17,5850
2017-02-17,61.24,61.24,61.24,61.19,61.19,685
2017-02-21,61.05,61.08,61.04,61.05,61.05,1765
2017-02-22,61.11,61.11,61.11,61.16,61.16,5000
2017-02-27,61.64,61.64,61.64,61.63,61.63,1600
2017-02-28,61.7,61.7,61.7,61.69,61.69,1
2017-03-01,61.57,61.57,61.57,61.46,61.46,1
2017-03-03,61.36,61.36,61.36,61.36,61.36,180
2017-03-13,60.83,60.83,60.83,60.68,60.68,5
2017-03-15,60.81,60.81,60.81,60.95,60.95,335
2017-03-16,60.76,60.76,60.76,60.74,60.74,920
2017-03-17,60.76,60.76,60.76,60.74,60.74,4033
2017-03-22,61.04,61.04,61.04,61.03,61.03,777
2017-03-23,61.17,61.17,61.17,60.97,60.97,5000
2017-03-29,61.4,61.4,61.4,61.41,61.41,17
2017-03-30,61.45,61.45,61.4,61.37,61.37,1443
2017-03-31,61.39,61.39,61.39,61.33,61.33,1720
2017-04-03,61.38,61.38,61.38,61.42,61.42,1306
2017-04-04,61.52,61.52,61.52,61.57,61.57,130
2017-04-11,61.67,61.67,61.67,61.58,61.58,23
2017-04-18,61.73,61.73,61.73,61.72,61.72,378
2017-04-25,61.56,61.56,61.56,61.51,61.51,4
2017-04-28,61.5,61.56,61.5,61.62,61.62,4105
2017-05-02,61.67,61.67,61.62,61.62,61.62,5020
2017-05-03,61.72,61.72,61.72,61.67,61.67,100
2017-05-05,61.69,61.69,61.69,61.61,61.61,4080
2017-05-09,61.38,61.38,61.38,61.45,61.45,1065
2017-05-10,61.57,61.57,61.57,61.5,61.5,53
2017-05-12,61.48,61.48,61.48,61.54,61.54,5000
2017-05-15,61.49,61.49,61.49,61.41,61.41,5000
2017-05-23,61.59,61.59,61.59,61.69,61.69,81
2017-05-24,61.7,61.7,61.66,61.68,61.68,9870
2017-06-01,61.92,61.92,61.86,61.86,61.86,673
2017-06-06,61.98,61.98,61.98,62.01,62.01,5000
2017-06-07,61.99,61.99,61.99,61.93,61.93,11700
2017-06-08,61.9,61.9,61.9,62.07,62.07,65
2017-06-14,62.4,62.48,62.4,62.53,62.53,570
2017-06-20,62.47,62.47,62.47,62.5,62.5,112
2017-06-21,62.5,62.5,62.5,62.54,62.54,423
2017-06-22,62.6,62.6,62.56,62.56,62.56,7974
2017-06-26,62.58,62.58,62.58,62.54,62.54,20
2017-06-28,62.07,62.07,62.07,62.13,62.13,16505
2017-06-30,61.69,61.69,61.68,61.63,61.63,16567
2017-07-05,61.63,61.63,61.63,61.63,61.63,16200
2017-07-07,61.17,61.17,61.17,61.14,61.14,1058
2017-07-11,61.18,61.18,61.18,61.2,61.2,11700
2017-07-18,61.61,61.61,61.61,61.59,61.59,31
2017-07-25,61.61,61.61,61.61,61.62,61.62,26
2017-08-07,61.62,61.62,61.62,61.62,61.62,0
2017-08-08,61.62,61.62,61.62,61.62,61.62,0
2017-08-09,61.62,61.62,61.62,61.62,61.62,0
2017-08-10,61.62,61.62,61.62,61.62,61.62,0
2017-08-11,61.62,61.62,61.62,61.62,61.62,0
2017-08-14,61.62,61.62,61.62,61.62,61.62,0
2017-08-16,61.62,61.62,61.62,61.62,61.62,0
2017-08-17,61.62,61.62,61.62,61.62,61.62,0
2017-08-18,61.98,61.98,61.98,61.93,61.93,368
2017-08-21,62.03,62.03,62.03,61.95,61.95,500
2017-08-22,61.95,61.95,61.95,61.95,61.95,0
2017-08-23,61.95,61.95,61.95,61.95,61.95,0
2017-08-24,61.95,61.95,61.95,61.95,61.95,0
2017-08-25,61.95,61.95,61.95,61.95,61.95,0
2017-08-28,61.95,61.95,61.95,61.95,61.95,0
2017-08-29,62.02,62.02,62.0,62.05,62.05,561
2017-08-30,61.97,61.97,61.97,61.97,61.97,322
2017-08-31,61.97,61.97,61.97,61.97,61.97,0
2017-09-01,61.97,61.97,61.97,61.97,61.97,0
2017-09-04,61.97,61.97,61.97,61.97,61.97,0
2017-09-05,61.97,61.97,61.97,62.14,62.14,825
2017-09-06,62.14,62.14,62.14,62.14,62.14,0
2017-09-07,62.14,62.14,62.14,62.14,62.14,0
2017-09-08,62.14,62.14,62.14,62.14,62.14,0
2017-09-11,62.14,62.14,62.14,62.14,62.14,0
2017-09-12,62.02,62.02,62.02,61.87,61.87,1596
2017-09-13,61.87,61.87,61.87,61.87,61.87,0
2017-09-14,61.87,61.87,61.87,61.87,61.87,0
2017-09-15,61.79,61.79,61.74,61.77,61.77,320
2017-09-18,61.77,61.77,61.77,61.77,61.77,0
2017-09-19,61.77,61.77,61.77,61.77,61.77,0
2017-09-20,61.77,61.77,61.77,61.77,61.77,0
2017-09-21,61.6,61.6,61.6,61.72,61.72,418
2017-09-22,61.72,61.72,61.72,61.72,61.72,0
2017-09-25,61.72,61.72,61.72,61.72,61.72,0
2017-09-26,61.82,61.86,61.82,61.84,61.84,4250
2017-09-27,61.84,61.84,61.84,61.84,61.84,0
2017-09-28,61.84,61.84,61.84,61.84,61.84,0
2017-09-29,61.76,61.76,61.76,61.72,61.72,250
2017-10-02,61.72,61.72,61.72,61.72,61.72,0
2017-10-03,61.72,61.72,61.72,61.72,61.72,0
2017-10-04,61.72,61.72,61.72,61.72,61.72,0
2017-10-05,61.72,61.72,61.72,61.72,61.72,0
2017-10-06,61.72,61.72,61.72,61.72,61.72,0
2017-10-09,61.75,61.75,61.75,61.75,61.75,100
2017-10-10,61.75,61.75,61.75,61.75,61.75,0
2017-10-11,61.72,61.72,61.72,61.73,61.73,1104
2017-10-12,61.77,61.77,61.77,61.79,61.79,294
2017-10-13,61.92,61.92,61.92,61.98,61.98,6000
2017-10-16,61.98,61.98,61.98,62.09,62.09,160
2017-10-17,62.09,62.09,62.09,62.09,62.09,0
2017-10-18,62.09,62.09,62.09,62.09,62.09,0
2017-10-19,61.98,61.98,61.98,62.01,62.01,6
2017-10-20,61.86,61.86,61.86,61.83,61.83,4000
2017-10-23,61.83,61.83,61.83,61.83,61.83,0
2017-10-24,61.83,61.83,61.83,61.83,61.83,0
2017-10-25,61.83,61.83,61.83,61.83,61.83,0
2017-10-26,61.83,61.83,61.83,61.83,61.83,0
2017-10-27,61.83,61.83,61.83,61.83,61.83,0
2017-10-30,62.23,62.25,62.23,62.33,62.33,651
2017-10-31,62.33,62.33,62.33,62.33,62.33,0
2017-11-01,62.44,62.44,62.34,62.4,62.4,6532
2017-11-02,62.36,62.4,62.36,62.41,62.41,5274
2017-11-03,62.47,62.47,62.47,62.44,62.44,160
2017-11-06,62.52,62.52,62.49,62.52,62.52,5116
2017-11-07,62.58,62.58,62.58,62.66,62.66,5000
2017-11-08,62.6,62.6,62.6,62.59,62.59,500
2017-11-09,62.38,62.38,62.38,62.29,62.29,500
2017-11-10,62.29,62.29,62.29,62.29,62.29,0
2017-11-13,62.29,62.29,62.29,62.29,62.29,0
2017-11-14,62.29,62.29,62.29,62.29,62.29,0
2017-11-15,62.29,62.29,62.29,62.29,62.29,0
2017-11-16,62.29,62.29,62.29,62.29,62.29,0
2017-11-17,62.29,62.29,62.29,62.29,62.29,0
2017-11-20,62.43,62.43,62.43,62.45,62.45,76
2017-11-21,62.45,62.45,62.45,62.45,62.45,0
2017-11-22,62.45,62.45,62.45,62.45,62.45,0
2017-11-23,62.61,62.61,62.61,62.59,62.59,150
2017-11-24,62.53,62.53,62.53,62.48,62.48,1039
2017-11-27,62.57,62.57,62.57,62.58,62.58,190
2017-11-28,62.58,62.58,62.58,62.58,62.58,0
2017-11-29,62.58,62.58,62.58,62.46,62.46,400
2017-11-30,62.46,62.46,62.46,62.46,62.46,0
2017-12-01,62.79,62.79,62.79,62.87,62.87,4028
2017-12-04,62.77,62.78,62.74,62.74,62.74,879
2017-12-05,62.74,62.74,62.74,62.74,62.74,0
2017-12-06,62.74,62.74,62.74,62.74,62.74,0
2017-12-07,62.74,62.74,62.74,62.74,62.74,0
2017-12-08,62.93,62.93,62.93,62.91,62.91,500
2017-12-11,62.92,62.92,62.92,62.92,62.92,47
2017-12-12,62.92,62.92,62.92,62.92,62.92,0
2017-12-13,62.92,62.92,62.92,62.92,62.92,0
2017-12-14,62.92,62.92,62.92,62.92,62.92,0
2017-12-15,62.92,62.92,62.92,62.92,62.92,0
2017-12-18,62.76,62.76,62.76,62.75,62.75,190
2017-12-19,62.75,62.75,62.75,62.75,62.75,0
2017-12-20,62.75,62.75,62.75,62.75,62.75,0
2017-12-21,62.75,62.75,62.75,62.75,62.75,0
2017-12-22,62.23,62.23,62.23,62.31,62.31,650
2017-12-27,62.31,62.31,62.31,62.31,62.31,0
2017-12-28,62.31,62.31,62.31,62.31,62.31,0
2017-12-29,62.31,62.31,62.31,62.31,62.31,0
2018-01-02,62.31,62.31,62.31,62.31,62.31,0
2018-01-03,62.31,62.31,62.31,62.31,62.31,0
2018-01-04,62.31,62.31,62.31,62.31,62.31,0
2018-01-05,62.11,62.11,62.1,62.09,62.09,1397
2018-01-08,62.1,62.1,62.1,62.17,62.17,40
2018-01-09,62.0,62.0,62.0,62.01,62.01,4055
2018-01-10,62.01,62.01,62.01,62.01,62.01,0
2018-01-11,62.01,62.01,62.01,62.01,62.01,0
2018-01-12,62.01,62.01,62.01,62.01,62.01,0
2018-01-15,62.01,62.01,62.01,62.01,62.01,0
2018-01-16,61.98,62.13,61.98,62.01,62.01,637
2018-01-17,62.01,62.03,62.01,62.02,62.02,5650
2018-01-18,62.02,62.02,62.02,62.02,62.02,0
2018-01-19,62.02,62.02,62.02,62.02,62.02,0
2018-01-22,62.02,62.02,62.02,62.02,62.02,0
2018-01-23,62.2,62.2,62.2,62.16,62.16,700
2018-01-24,62.16,62.16,62.16,62.16,62.16,0
2018-01-25,62.16,62.16,62.16,62.16,62.16,0
2018-01-26,62.16,62.16,62.16,62.16,62.16,0
2018-01-29,61.89,61.89,61.89,61.8,61.8,23
2018-01-30,61.8,61.8,61.8,61.8,61.8,0
2018-01-31,61.8,61.8,61.8,61.8,61.8,0
2018-02-01,61.8,61.8,61.8,61.8,61.8,0
2018-02-02,61.8,61.8,61.8,61.8,61.8,0
2018-02-05,61.8,61.8,61.8,61.8,61.8,0
2018-02-06,61.8,61.8,61.8,61.8,61.8,0
2018-02-07,61.8,61.8,61.8,61.8,61.8,0
2018-02-08,61.8,61.8,61.8,61.8,61.8,0
2018-02-09,61.8,61.8,61.8,61.8,61.8,0
2018-02-12,61.8,61.8,61.8,61.8,61.8,0
2018-02-13,61.52,61.52,61.52,61.43,61.43,330
2018-02-14,61.43,61.43,61.43,61.43,61.43,0
2018-02-15,61.43,61.43,61.43,61.43,61.43,0
2018-02-16,61.43,61.43,61.43,61.43,61.43,0
2018-02-19,61.45,61.45,61.45,61.45,61.45,2200
2018-02-20,61.41,61.5,61.41,61.41,61.41,1152
2018-02-21,61.41,61.41,61.41,61.41,61.41,0
2018-02-22,61.41,61.41,61.41,61.41,61.41,0
2018-02-23,61.56,61.56,61.56,61.61,61.61,585
2018-02-26,61.61,61.61,61.61,61.61,61.61,0
2018-02-27,61.71,61.71,61.71,61.65,61.65,552
2018-02-28,61.65,61.65,61.65,61.65,61.65,0
2018-03-01,61.65,61.65,61.65,61.65,61.65,0
2018-03-02,61.65,61.65,61.65,61.65,61.65,0
2018-03-05,61.65,61.65,61.65,61.65,61.65,0
2018-03-06,61.74,61.74,61.74,61.74,61.74,67
2018-03-07,61.86,61.86,61.86,61.85,61.85,203
2018-03-08,61.85,61.85,61.85,61.85,61.85,0
2018-03-09,61.85,61.85,61.85,61.85,61.85,0
2018-03-12,61.85,61.85,61.85,61.85,61.85,0
2018-03-13,61.85,61.85,61.85,61.85,61.85,0
2018-03-14,61.85,61.85,61.85,61.85,61.85,0
2018-03-15,62.06,62.06,62.06,62.12,62.12,30
2018-03-16,62.12,62.12,62.12,62.12,62.12,0
2018-03-19,62.12,62.12,62.12,62.12,62.12,0
2018-03-20,62.12,62.12,62.12,62.12,62.12,0
2018-03-21,62.12,62.12,62.12,62.12,62.12,0
2018-03-22,62.12,62.12,62.12,62.12,62.12,0
2018-03-23,62.12,62.12,62.12,62.12,62.12,0
2018-03-26,62.12,62.12,62.12,62.12,62.12,0
2018-03-27,62.12,62.12,62.12,62.12,62.12,0
2018-03-28,62.6,62.6,62.6,62.63,62.63,48
2018-03-29,62.63,62.63,62.63,62.63,62.63,0
2018-04-03,62.7,62.7,62.7,62.66,62.66,12018
2018-04-04,62.66,62.66,62.66,62.66,62.66,0
2018-04-05,62.66,62.66,62.66,62.66,62.66,0
2018-04-09,62.64,62.64,62.64,62.64,62.64,0
2018-04-10,62.64,62.64,62.64,62.64,62.64,0
2018-04-11,62.65,62.65,62.65,62.62,62.62,1094
2018-04-12,62.63,62.63,62.63,62.56,62.56,219
2018-04-13,62.56,62.56,62.56,62.56,62.56,0
2018-04-16,62.45,62.45,62.45,62.54,62.54,50
2018-04-17,62.54,62.54,62.54,62.54,62.54,0
2018-04-18,62.54,62.54,62.54,62.54,62.54,0
2018-04-19,62.54,62.54,62.54,62.54,62.54,0
2018-04-20,62.38,62.38,62.38,62.41,62.41,892
2018-04-23,62.41,62.41,62.41,62.41,62.41,0
2018-04-24,62.41,62.41,62.41,62.41,62.41,0
2018-04-25,62.41,62.41,62.41,62.41,62.41,0
2018-04-26,62.41,62.41,62.41,62.41,62.41,0
2018-04-27,62.41,62.41,62.41,62.41,62.41,0
2018-04-30,62.41,62.41,62.41,62.41,62.41,0
2018-05-02,62.41,62.41,62.41,62.41,62.41,0
2018-05-03,62.41,62.41,62.41,62.41,62.41,0
2018-05-04,62.41,62.41,62.41,62.41,62.41,0
2018-05-07,62.41,62.41,62.41,62.41,62.41,0
2018-05-08,62.41,62.41,62.41,62.41,62.41,0
2018-05-09,62.33,62.33,62.33,62.35,62.35,1260
2018-05-10,62.33,62.33,62.33,62.3,62.3,20
2018-05-11,62.3,62.3,62.3,62.3,62.3,0
2018-05-14,62.3,62.31,62.3,62.21,62.21,990
2018-05-15,62.21,62.21,62.21,62.21,62.21,0
2018-05-16,62.21,62.21,62.21,62.21,62.21,0
2018-05-17,62.21,62.21,62.21,62.21,62.21,0
2018-05-18,62.21,62.21,62.21,62.21,62.21,0
2018-05-21,62.21,62.21,62.21,62.21,62.21,0
2018-05-22,61.8,61.8,61.8,61.73,61.73,1
2018-05-23,61.76,61.76,61.76,61.78,61.78,25
2018-05-24,61.78,61.78,61.78,61.78,61.78,0
2018-05-25,61.78,61.78,61.78,61.78,61.78,0
2018-05-28,61.78,61.78,61.78,61.78,61.78,0
2018-05-29,61.18,61.18,61.18,61.36,61.36,4249
2018-05-30,61.36,61.36,61.36,61.36,61.36,0
2018-05-31,61.72,61.72,61.72,61.73,61.73,4277
2018-06-01,61.73,61.73,61.73,61.73,61.73,0
2018-06-04,61.73,61.73,61.73,61.73,61.73,0
2018-06-05,61.73,61.73,61.73,61.73,61.73,0
2018-06-06,61.73,61.73,61.73,61.73,61.73,0
2018-06-07,61.73,61.73,61.73,61.73,61.73,0
2018-06-08,61.32,61.32,61.32,61.14,61.14,21
2018-06-11,61.43,61.43,61.43,61.31,61.31,3
2018-06-12,61.31,61.31,61.31,61.31,61.31,0
2018-06-13,61.5,61.5,61.46,61.49,61.49,872
2018-06-14,61.34,61.34,61.34,61.7,61.7,81
2018-06-15,61.7,61.7,61.7,61.7,61.7,0
2018-06-18,61.94,61.94,61.94,62.0,62.0,6
2018-06-19,62.03,62.03,62.03,62.09,62.09,149
2018-06-20,62.1,62.1,62.1,62.06,62.06,13
2018-06-21,61.94,61.94,61.89,61.88,61.88,4739
2018-06-22,61.88,61.88,61.88,61.88,61.88,0
2018-06-25,61.88,61.88,61.88,61.88,61.88,0
2018-06-26,61.88,61.88,61.88,61.88,61.88,0
2018-06-27,61.72,61.72,61.72,61.85,61.85,172
2018-06-28,61.85,61.85,61.85,61.85,61.85,0
2018-06-29,61.85,61.85,61.85,61.85,61.85,0
2018-07-02,62.04,62.04,62.04,62.25,62.25,193
2018-07-03,62.25,62.25,62.25,62.25,62.25,0
2018-07-04,62.25,62.25,62.25,62.25,62.25,0
2018-07-05,62.25,62.25,62.25,62.25,62.25,0
2018-07-06,62.25,62.25,62.25,62.25,62.25,0
2018-07-09,62.25,62.25,62.25,62.25,62.25,0
2018-07-10,62.14,62.14,62.13,62.15,62.15,4106
2018-07-11,62.24,62.24,62.12,62.15,62.15,548
2018-07-12,62.19,62.19,62.19,62.22,62.22,150
2018-07-13,62.36,62.36,62.36,62.33,62.33,1450
2018-07-16,62.33,62.33,62.33,62.33,62.33,0
2018-07-17,62.33,62.33,62.33,62.42,62.42,274
2018-07-18,62.47,62.47,62.47,62.38,62.38,1000
2018-07-19,62.5,62.5,62.5,62.38,62.38,90
2018-07-20,62.38,62.39,62.28,62.21,62.21,1251
2018-07-23,62.19,62.23,62.13,62.08,62.08,11872
2018-07-24,62.05,62.05,62.05,62.1,62.1,274
2018-07-25,62.17,62.17,62.11,62.15,62.15,417
2018-07-26,62.11,62.11,62.11,62.07,62.07,193
2018-07-27,62.07,62.07,62.07,62.07,62.07,0
2018-07-30,62.0,62.0,61.87,61.85,61.85,5173
2018-07-31,61.85,61.85,61.85,61.85,61.85,0
2018-08-01,61.85,61.85,61.85,61.85,61.85,0
2018-08-02,61.49,61.49,61.49,61.44,61.44,3800
2018-08-03,61.53,61.53,61.49,61.53,61.53,137
2018-08-06,61.65,61.65,61.65,61.64,61.64,270
2018-08-07,61.64,61.64,61.64,61.64,61.64,0
2018-08-08,61.65,61.66,61.61,61.62,61.62,818
2018-08-09,61.68,61.68,61.68,61.67,61.67,3
2018-08-10,61.67,61.67,61.67,61.71,61.71,121
2018-08-13,61.71,61.71,61.71,61.71,61.71,0
2018-08-14,61.71,61.71,61.71,61.71,61.71,0
2018-08-16,61.71,61.71,61.71,61.71,61.71,0
2018-08-17,61.59,61.59,61.59,61.57,61.57,347
2018-08-20,61.57,61.57,61.57,61.57,61.57,0
2018-08-21,61.57,61.57,61.57,61.57,61.57,0
2018-08-22,61.57,61.57,61.57,61.57,61.57,0
2018-08-23,61.57,61.57,61.57,61.57,61.57,0
2018-08-24,61.57,61.57,61.57,61.57,61.57,0
2018-08-27,61.54,61.54,61.54,61.44,61.44,49
2018-08-28,61.44,61.44,61.44,61.44,61.44,0
2018-08-29,61.31,61.31,61.31,61.33,61.33,140
2018-08-30,61.33,61.33,61.33,61.33,61.33,0
2018-08-31,61.4,61.4,61.4,61.36,61.36,139
2018-09-03,61.36,61.36,61.36,61.36,61.36,0
2018-09-04,61.49,61.49,61.44,61.51,61.51,225
2018-09-05,61.52,61.52,61.52,61.55,61.55,560
2018-09-06,61.55,61.55,61.55,61.55,61.55,0
2018-09-07,61.65,61.65,61.59,61.58,61.58,916
2018-09-10,61.58,61.58,61.58,61.58,61.58,0
2018-09-11,61.6,61.6,61.6,61.58,61.58,35
2018-09-12,61.64,61.64,61.59,61.59,61.59,418
2018-09-13,61.59,61.59,61.59,61.59,61.59,0
2018-09-14,61.49,61.49,61.49,61.47,61.47,543
2018-09-17,61.47,61.47,61.47,61.47,61.47,0
2018-09-18,61.6,61.6,61.56,61.58,61.58,829
2018-09-19,61.58,61.58,61.58,61.58,61.58,0
2018-09-20,61.58,61.58,61.58,61.58,61.58,0
2018-09-21,61.58,61.58,61.58,61.58,61.58,0
2018-09-24,61.58,61.58,61.58,61.58,61.58,0
2018-09-25,61.4,61.4,61.35,61.33,61.33,485
2018-09-26,61.46,61.46,61.46,61.41,61.41,157
2018-09-27,61.44,61.44,61.44,61.38,61.38,655
2018-09-28,61.16,61.16,61.16,61.28,61.28,99
2018-10-01,61.16,61.16,61.16,61.11,61.11,39
2018-10-02,61.11,61.11,61.11,61.11,61.11,0
2018-10-03,61.11,61.11,61.11,61.11,61.11,0
2018-10-04,61.11,61.11,61.11,61.11,61.11,0
2018-10-05,61.11,61.11,61.11,61.11,61.11,0
2018-10-08,60.67,60.67,60.67,60.67,60.67,3542
2018-10-09,60.67,60.67,60.67,60.67,60.67,0
2018-10-10,60.67,60.67,60.67,60.67,60.67,0
2018-10-11,60.67,60.67,60.67,60.67,60.67,0
2018-10-12,60.64,60.64,60.64,60.69,60.69,100
2018-10-15,60.67,60.67,60.67,60.68,60.68,344
2018-10-16,60.83,60.83,60.83,60.84,60.84,160
2018-10-17,60.84,60.84,60.84,60.84,60.84,0
2018-10-18,60.84,60.84,60.84,60.84,60.84,0
2018-10-19,60.84,60.84,60.84,60.84,60.84,0
2018-10-22,60.83,60.89,60.83,60.88,60.88,80
2018-10-23,60.88,60.88,60.88,60.88,60.88,0
2018-10-24,60.88,60.88,60.88,60.88,60.88,0
2018-10-25,60.88,60.88,60.88,60.88,60.88,0
2018-10-26,60.88,60.88,60.88,60.88,60.88,0
2018-10-29,60.88,60.88,60.88,60.88,60.88,0
2018-10-30,61.26,61.26,61.26,61.18,61.18,6325
2018-10-31,61.25,61.25,61.25,61.22,61.22,4
2018-11-01,61.22,61.22,61.22,61.22,61.22,0
2018-11-02,61.22,61.22,61.22,61.22,61.22,0
2018-11-05,61.5,61.68,61.5,61.23,61.23,20
2018-11-06,61.23,61.23,61.23,61.23,61.23,0
2018-11-07,61.23,61.23,61.23,61.23,61.23,0
2018-11-08,61.02,61.02,61.02,61.05,61.05,199
2018-11-09,61.05,61.05,61.05,61.05,61.05,0
2018-11-12,61.17,61.17,61.14,61.13,61.13,545
2018-11-13,61.13,61.13,61.13,61.13,61.13,0
2018-11-14,61.13,61.13,61.13,61.13,61.13,0
2018-11-15,61.13,61.13,61.13,61.13,61.13,0
2018-11-16,61.13,61.13,61.13,61.13,61.13,0
2018-11-19,61.13,61.13,61.13,61.13,61.13,0
2018-11-20,61.13,61.13,61.13,61.13,61.13,0
2018-11-21,61.13,61.13,61.13,61.07,61.07,983
2018-11-22,61.07,61.07,61.07,61.07,61.07,0
2018-11-23,61.07,61.07,61.07,61.07,61.07,0
2018-11-26,61.36,61.36,61.36,61.36,61.36,16
2018-11-27,61.36,61.36,61.36,61.36,61.36,0
2018-11-28,61.35,61.35,61.35,61.38,61.38,131
2018-11-29,61.38,61.38,61.38,61.38,61.38,0
2018-11-30,61.38,61.38,61.38,61.38,61.38,0
2018-12-03,61.38,61.38,61.38,61.38,61.38,0
2018-12-04,61.38,61.38,61.38,61.38,61.38,0
2018-12-05,61.91,61.91,61.91,61.83,61.83,423
2018-12-06,61.83,61.83,61.83,61.83,61.83,1057
2018-12-07,61.83,61.83,61.83,61.83,61.83,0
2018-12-10,61.75,61.86,61.69,61.88,61.88,126458
2018-12-11,61.74,61.8,61.73,61.88,61.88,276
2018-12-12,61.8,61.87,61.8,61.93,61.93,69
2018-12-13,62.0,62.0,62.0,61.92,61.92,1143
2018-12-14,62.01,62.04,61.92,61.96,61.96,43705
2018-12-17,61.96,61.96,61.96,61.96,61.96,0
2018-12-18,62.04,62.04,61.99,62.01,62.01,19576
2018-12-19,62.12,62.28,62.12,62.1,62.1,1078
2018-12-20,62.28,62.28,62.28,62.23,62.23,46
2018-12-21,62.12,62.19,62.12,62.11,62.11,883
2018-12-27,62.11,62.18,62.11,62.19,62.19,2349
2018-12-28,62.19,62.19,62.19,62.11,62.11,337
2019-01-02,62.38,62.43,62.33,62.34,62.34,1508
2019-01-03,62.18,62.18,62.18,62.18,62.18,164
2019-01-04,62.06,62.1,62.06,62.04,62.04,286
2019-01-07,61.91,61.95,61.91,61.95,61.95,168
2019-01-08,61.91,61.91,61.82,61.86,61.86,1646
2019-01-09,61.9,61.97,61.9,62.01,62.01,341
2019-01-10,62.03,62.08,62.03,62.07,62.07,125
2019-01-11,62.16,62.16,62.16,62.14,62.14,61
2019-01-14,62.23,62.24,62.23,62.21,62.21,19760
2019-01-15,62.35,62.35,62.23,62.28,62.28,14302
2019-01-16,62.27,62.33,62.27,62.32,62.32,1168
2019-01-17,62.35,62.36,62.35,62.29,62.29,288
2019-01-18,62.31,62.33,62.31,62.3,62.3,934
2019-01-21,62.35,62.35,62.27,62.26,62.26,156
2019-01-22,62.32,62.41,62.32,62.37,62.37,35326
2019-01-23,62.32,62.42,62.32,62.42,62.42,1404
2019-01-24,62.55,62.69,62.55,62.66,62.66,291
2019-01-25,62.7,62.71,62.62,62.66,62.66,10743
2019-01-28,62.62,62.62,62.56,62.61,62.61,444
2019-01-29,62.62,62.66,62.58,62.63,62.63,1251
2019-01-30,62.62,62.65,62.62,62.66,62.66,593
2019-01-31,62.75,62.8,62.72,62.8,62.8,3891
2019-02-01,62.45,62.49,62.45,62.44,62.44,181
2019-02-04,62.37,62.43,62.37,62.38,62.38,173
2019-02-05,62.38,62.42,62.36,62.36,62.36,1666
2019-02-06,62.35,62.37,62.32,62.31,62.31,686
2019-02-07,62.33,62.34,62.28,62.33,62.33,1512
2019-02-08,62.27,62.29,62.27,62.32,62.32,445
2019-02-11,62.31,62.33,62.28,62.33,62.33,1161
2019-02-12,62.31,62.35,62.31,62.34,62.34,966
2019-02-13,62.35,62.44,62.35,62.42,62.42,1142
2019-02-14,62.45,62.53,62.44,62.46,62.46,1441
2019-02-15,62.41,62.43,62.41,62.45,62.45,517
2019-02-18,62.52,62.52,62.46,62.48,62.48,4929
2019-02-19,62.51,62.51,62.46,62.5,62.5,2382
2019-02-20,62.48,62.5,62.48,62.47,62.47,956
2019-02-21,62.37,62.56,62.37,62.42,62.42,301
2019-02-22,62.46,62.5,62.46,62.49,62.49,3854
2019-02-25,62.43,62.55,62.43,62.53,62.53,418
2019-02-26,62.63,62.65,62.56,62.59,62.59,8768
2019-02-27,62.58,62.58,62.44,62.41,62.41,570
2019-02-28,62.35,62.42,62.35,62.36,62.36,2504
2019-03-01,62.4,62.4,62.27,62.34,62.34,4468
2019-03-04,62.38,62.4,62.35,62.42,62.42,2507
2019-03-05,62.42,62.46,62.41,62.45,62.45,1068
2019-03-06,62.55,62.65,62.54,62.67,62.67,2770
2019-03-07,62.93,62.98,62.93,62.98,62.98,871
2019-03-08,63.0,63.01,63.0,62.98,62.98,313
2019-03-11,62.96,62.98,62.92,62.93,62.93,1036
2019-03-12,62.92,62.94,62.89,62.92,62.92,652
2019-03-13,62.89,62.9,62.85,62.88,62.88,1970
2019-03-14,62.9,62.99,62.9,62.92,62.92,1113
2019-03-15,62.92,63.01,62.92,62.94,62.94,3178
2019-03-18,63.02,63.06,62.98,63.07,63.07,3605
2019-03-19,63.05,63.05,62.95,62.97,62.97,567
2019-03-20,63.0,63.0,62.9,62.98,62.98,1093
2019-03-21,63.19,63.22,63.18,63.22,63.22,638
2019-03-22,63.45,63.49,63.45,63.45,63.45,335
2019-03-25,63.36,63.4,63.35,63.39,63.39,5722
2019-03-26,63.38,63.43,63.37,63.42,63.42,4379
2019-03-27,63.56,63.7,63.56,63.65,63.65,18984
2019-03-28,63.55,63.59,63.5,63.54,63.54,4463
2019-03-29,63.48,63.52,63.48,63.51,63.51,1937
2019-04-01,63.37,63.41,63.3,63.31,63.31,2125
2019-04-02,63.37,63.37,63.32,63.37,63.37,675
2019-04-03,63.19,63.23,63.19,63.21,63.21,2537
2019-04-04,63.25,63.29,63.25,63.32,63.32,364
2019-04-05,63.26,63.35,63.26,63.36,63.36,2476
2019-04-08,63.41,63.41,63.35,63.37,63.37,3544
2019-04-09,63.38,63.45,63.37,63.45,63.45,1211
2019-04-10,63.45,63.45,63.45,63.45,63.45,0
2019-04-11,63.58,63.62,63.58,63.58,63.58,5295
2019-04-12,63.42,63.44,63.42,63.36,63.36,613
2019-04-15,63.32,63.33,63.21,63.27,63.27,6744
2019-04-16,63.25,63.25,63.17,63.22,63.22,3406
2019-04-17,63.13,63.17,63.13,63.13,63.13,346
2019-04-18,63.32,63.37,63.31,63.34,63.34,1507
2019-04-23,63.15,63.18,63.15,63.18,63.18,461
2019-04-24,63.33,63.39,63.33,63.42,63.42,256
2019-04-25,63.42,63.42,63.42,63.42,63.42,0
2019-04-26,63.36,63.49,63.36,63.49,63.49,33482
2019-04-29,63.37,63.45,63.37,63.45,63.45,2424
2019-04-30,63.4,63.42,63.34,63.5,63.5,4154
2019-05-02,63.56,63.57,63.51,63.48,63.48,1002
2019-05-03,63.48,63.51,63.47,63.52,63.52,1618
2019-05-06,63.51,63.54,63.48,63.52,63.52,2124
2019-05-07,63.57,63.63,63.57,63.61,63.61,2122
2019-05-08,63.61,63.64,63.59,63.62,63.62,1047
2019-05-09,63.58,63.58,63.57,63.5,63.5,1179
2019-05-10,63.45,63.53,63.45,63.5,63.5,2313
2019-05-13,63.47,63.55,63.47,63.55,63.55,3746
2019-05-14,63.53,63.57,63.51,63.53,63.53,1507
2019-05-15,63.62,63.67,63.62,63.61,63.61,5771
2019-05-16,63.66,63.7,63.66,63.69,63.69,446
2019-05-17,63.8,63.8,63.8,63.75,63.75,21
2019-05-20,63.7,63.7,63.65,63.66,63.66,2436
2019-05-21,63.67,63.7,63.64,63.63,63.63,2220
2019-05-22,63.65,63.7,63.65,63.7,63.7,3810
2019-05-23,63.76,63.88,63.74,63.78,63.78,1725
2019-05-24,63.83,63.9,63.82,63.9,63.9,21467
2019-05-27,63.9,63.96,63.89,63.9,63.9,1493
2019-05-28,63.86,63.91,63.84,63.9,63.9,412254
2019-05-29,64.01,64.04,64.01,64.06,64.06,89
2019-05-30,64.09,64.11,64.02,64.02,64.02,3276
2019-05-31,64.08,64.13,64.08,64.17,64.17,638
2019-06-03,64.37,64.37,64.24,64.25,64.25,7253
2019-06-04,64.4,64.47,64.4,64.4,64.4,2409
2019-06-05,64.51,64.51,64.39,64.52,64.52,1590
2019-06-06,64.55,65.01,64.54,64.65,64.65,1662
2019-06-07,64.96,65.11,64.96,64.96,64.96,2360
2019-06-10,64.69,64.72,64.69,64.73,64.73,856
2019-06-11,64.8,64.89,64.79,64.83,64.83,2809
2019-06-12,64.83,64.96,64.75,64.73,64.73,267949
2019-06-13,64.78,64.83,64.77,64.81,64.81,1233
2019-06-14,64.99,64.99,64.94,65.0,65.0,2452
2019-06-17,64.92,64.97,64.92,64.96,64.96,1954
2019-06-18,65.01,65.5,65.01,65.52,65.52,8975
2019-06-19,65.49,65.49,65.43,65.38,65.38,1645
2019-06-20,65.64,65.73,65.58,65.54,65.54,13260
2019-06-21,65.44,65.44,65.36,65.35,65.35,1893
2019-06-24,65.45,65.49,65.45,65.47,65.47,2283
2019-06-25,65.49,65.6,65.49,65.58,65.58,3745
2019-06-26,65.53,65.58,65.5,65.53,65.53,8288
2019-06-27,65.54,65.59,65.54,65.56,65.56,3011
2019-06-28,65.57,65.62,65.57,65.62,65.62,910
2019-07-01,65.6,65.92,65.6,65.91,65.91,3720
2019-07-02,65.93,66.06,65.92,66.01,66.01,4482
2019-07-03,66.35,66.38,66.35,66.48,66.48,1469
2019-07-04,66.42,66.49,66.41,66.45,66.45,3697
2019-07-05,66.46,66.46,66.12,66.17,66.17,14734
2019-07-08,66.35,66.35,66.08,66.09,66.09,3472
2019-07-09,66.06,66.12,66.02,66.05,66.05,3677
2019-07-10,65.91,65.94,65.85,65.91,65.91,4281
2019-07-11,66.0,66.0,65.7,65.72,65.72,2217
2019-07-12,65.52,65.57,65.5,65.52,65.52,3234
2019-07-15,65.79,65.84,65.78,65.82,65.82,2529
2019-07-16,66.05,66.06,65.88,65.92,65.92,4045
2019-07-17,66.04,66.17,66.04,66.08,66.08,5146
2019-07-18,66.23,66.23,66.17,66.21,66.21,1511
2019-07-19,66.16,66.22,66.15,66.21,66.21,5958
2019-07-22,66.25,66.25,66.18,66.2,66.2,1156
2019-07-23,66.21,66.23,66.15,66.25,66.25,2206
2019-07-24,66.48,66.55,66.48,66.47,66.47,1245
2019-07-25,66.56,66.6,66.3,66.35,66.35,7705
2019-07-26,66.34,66.4,66.34,66.37,66.37,2345
2019-07-29,66.54,66.54,66.43,66.44,66.44,3285
2019-07-30,66.36,66.45,66.35,66.45,66.45,1624
2019-07-31,66.53,66.59,66.52,66.71,66.71,1481
2019-08-05,66.87,66.93,66.87,66.85,66.85,3330
2019-08-06,67.01,67.06,66.97,67.03,67.03,2061
2019-08-07,67.37,67.45,67.37,67.43,67.43,1958
2019-08-08,67.22,67.33,67.12,67.07,67.07,1848
2019-08-09,67.0,67.01,66.79,66.77,66.77,7336
2019-08-12,66.85,66.94,66.84,66.92,66.92,1603
2019-08-13,67.06,67.21,67.05,67.18,67.18,805
2019-08-14,67.23,67.31,67.23,67.48,67.48,1526
2019-08-16,67.97,68.05,67.95,67.79,67.79,714
2019-08-19,67.66,67.66,67.42,67.48,67.48,947
2019-08-20,67.52,67.87,67.52,67.73,67.73,5115
2019-08-21,67.55,67.73,67.55,67.69,67.69,3388
2019-08-23,67.4,67.61,67.4,67.58,67.58,808
2019-08-26,67.6,67.6,67.55,67.61,67.61,151
2019-08-27,67.83,68.04,67.7,68.01,68.01,2482
2019-08-28,68.3,68.39,68.3,68.32,68.32,2246
2019-08-29,68.35,68.35,68.21,68.18,68.18,580
2019-08-30,68.21,68.27,68.2,68.15,68.15,21832
2019-09-02,68.08,68.13,68.08,68.1,68.1,355
2019-09-03,68.22,68.29,68.22,68.36,68.36,1677
2019-09-04,68.28,68.29,68.03,68.21,68.21,5726
2019-09-05,67.95,67.95,67.61,67.66,67.66,5813
2019-09-06,67.75,67.77,67.54,67.92,67.92,6100
2019-09-09,67.69,67.69,67.49,67.54,67.54,7370
2019-09-10,67.52,67.52,67.33,67.3,67.3,10642
2019-09-11,67.25,67.47,67.25,67.46,67.46,10512
2019-09-12,67.56,68.16,67.46,67.54,67.54,3115
2019-09-13,67.32,67.35,67.14,67.15,67.15,8668
2019-09-16,67.29,67.31,67.24,67.29,67.29,1920
2019-09-17,67.21,67.29,67.21,67.16,67.16,2079
2019-09-18,67.21,67.47,67.21,67.46,67.46,6914
2019-09-19,67.35,67.44,67.34,67.39,67.39,743
2019-09-20,67.49,67.5,67.45,67.43,67.43,1125
2019-09-23,67.71,67.87,67.71,67.83,67.83,2405
2019-09-24,67.86,67.93,67.84,67.95,67.95,2469
2019-09-25,68.02,68.09,67.91,67.89,67.89,2961
2019-09-26,67.9,67.95,67.88,67.91,67.91,1290
2019-09-27,67.95,67.95,67.79,67.89,67.89,1595
2019-09-30,67.95,67.83,67.75,67.84,67.84,1295
2019-10-01,67.55,67.73,67.55,67.75,67.75,3760
2019-10-02,67.73,67.73,67.57,67.62,67.62,663
2019-10-03,67.83,68.08,67.79,67.84,67.84,5478
2019-10-04,67.83,67.88,67.83,67.81,67.81,3585
2019-10-07,67.84,67.84,67.77,67.74,67.74,2464
2019-10-08,67.78,67.83,67.78,67.83,67.83,835
2019-10-09,67.84,67.84,67.66,67.66,67.66,3471
2019-10-10,67.5,67.5,67.29,67.33,67.33,4928
2019-10-11,67.35,67.36,67.2,67.16,67.16,6960
2019-10-14,67.38,67.38,67.29,67.3,67.3,5584
2019-10-15,67.38,67.42,67.15,67.21,67.21,11859
2019-10-16,67.29,67.29,67.06,67.09,67.09,13042
2019-10-17,67.05,67.18,66.89,67.17,67.17,2743
2019-10-18,67.07,67.09,67.01,67.04,67.04,10661
2019-10-21,66.93,66.93,66.8,66.8,66.8,11019
2019-10-22,66.97,67.04,66.96,66.98,66.98,1849
2019-10-23,67.18,67.18,67.08,67.08,67.08,1400
2019-10-24,66.94,67.18,66.93,67.14,67.14,2422
2019-10-25,67.02,67.04,67.0,66.97,66.97,3928
2019-10-28,66.83,66.83,66.69,66.71,66.71,2602
2019-10-29,66.82,66.89,66.77,66.84,66.84,7476
2019-10-30,66.84,66.86,66.84,66.84,66.84,4920
2019-10-31,67.04,67.21,67.04,67.1,67.1,12819
2019-11-01,67.1,67.1,67.1,67.1,67.1,0
2019-11-04,66.77,66.95,66.77,66.75,66.75,16710
2019-11-05,66.7,66.7,66.61,66.69,66.69,2937
2019-11-06,66.55,66.69,66.55,66.71,66.71,3007
2019-11-07,66.71,66.71,66.28,66.29,66.29,22236
2019-11-08,66.34,66.34,66.04,66.33,66.33,22793
2019-11-11,66.33,66.33,66.18,66.14,66.14,2104
2019-11-12,66.05,66.18,66.03,66.16,66.16,5320
2019-11-13,66.29,66.33,66.28,66.31,66.31,1549
2019-11-14,66.43,66.45,66.4,66.32,66.32,2022
2019-11-15,66.4,66.43,66.32,66.4,66.4,17825
2019-11-18,66.41000366210938,66.55000305175781,66.38999938964844,66.45999908447266,66.45999908447266,2407
2019-11-19,66.41999816894531,66.41999816894531,66.4000015258789,66.41999816894531,66.41999816894531,5322
2019-11-20,66.55000305175781,66.61000061035156,66.55000305175781,66.48999786376953,66.48999786376953,2221
2019-11-21,66.38999938964844,66.44999694824219,66.37999725341797,66.38999938964844,66.38999938964844,968
2019-11-22,66.51000213623047,66.55000305175781,66.51000213623047,66.52999877929688,66.52999877929688,3748
2019-11-25,66.5199966430664,66.5999984741211,66.51000213623047,66.54000091552734,66.54000091552734,3106
2019-11-26,66.58999633789062,66.76000213623047,66.56999969482422,66.61000061035156,66.61000061035156,11600
2019-11-27,66.63999938964844,66.6500015258789,66.58000183105469,66.55999755859375,66.55999755859375,11155
2019-11-28,66.55000305175781,66.55000305175781,66.51000213623047,66.51000213623047,66.51000213623047,2183
2019-11-29,66.44000244140625,66.51000213623047,66.44000244140625,66.4800033569336,66.4800033569336,2896
2019-12-02,66.18000030517578,66.18000030517578,66.05000305175781,66.05999755859375,66.05999755859375,1793
2019-12-03,66.36000061035156,66.41000366210938,66.2300033569336,66.44999694824219,66.44999694824219,3626
2019-12-04,66.33999633789062,66.43000030517578,66.33999633789062,66.30999755859375,66.30999755859375,1807
2019-12-05,66.23999786376953,66.25,66.11000061035156,66.0999984741211,66.0999984741211,6996
2019-12-06,66.16000366210938,66.2699966430664,66.06999969482422,66.08999633789062,66.08999633789062,167108
2019-12-09,66.23999786376953,66.29000091552734,66.23999786376953,66.2300033569336,66.2300033569336,3079
2019-12-10,66.1500015258789,66.2300033569336,66.1500015258789,66.23999786376953,66.23999786376953,2568
2019-12-11,66.33000183105469,66.38999938964844,66.33000183105469,66.37999725341797,66.37999725341797,1868
2019-12-12,66.41999816894531,66.48999786376953,66.18000030517578,66.16000366210938,66.16000366210938,3710
2019-12-13,66.1500015258789,66.4000015258789,66.1500015258789,66.41999816894531,66.41999816894531,8841
2019-12-16,66.41000366210938,66.43000030517578,66.37000274658203,66.30000305175781,66.30000305175781,3465
2019-12-17,66.3499984741211,66.37999725341797,66.22000122070312,66.41000366210938,66.41000366210938,2905
2019-12-18,66.33000183105469,66.38999938964844,66.30000305175781,66.19000244140625,66.19000244140625,6266
2019-12-19,65.97000122070312,66.04000091552734,65.97000122070312,66.08000183105469,66.08000183105469,1597
2019-12-20,65.95999908447266,66.16999816894531,65.95999908447266,66.08000183105469,66.08000183105469,8010
2019-12-23,66.13999938964844,66.13999938964844,66.0199966430664,66.04000091552734,66.04000091552734,3929
2019-12-27,66.19999694824219,66.19999694824219,66.05999755859375,66.1500015258789,66.1500015258789,992
2019-12-30,66.1500015258789,66.1500015258789,65.83999633789062,65.8499984741211,65.8499984741211,3813
2020-01-02,65.80000305175781,65.98999786376953,65.80000305175781,65.9800033569336,65.9800033569336,1065
2020-01-03,66.26000213623047,66.30000305175781,66.26000213623047,66.27999877929688,66.27999877929688,3985
2020-01-06,66.27999877929688,66.27999877929688,66.27999877929688,66.27999877929688,66.27999877929688,0
2020-01-07,66.25,66.27999877929688,66.20999908447266,66.19000244140625,66.19000244140625,780
2020-01-08,66.19999694824219,66.19999694824219,66.05999755859375,66.08999633789062,66.08999633789062,54026
2020-01-09,66.0,66.02999877929688,66.0,66.0,66.0,2173
2020-01-10,66.01000213623047,66.0999984741211,66.01000213623047,66.08000183105469,66.08000183105469,1793
2020-01-13,65.91000366210938,65.93000030517578,65.81999969482422,65.8499984741211,65.8499984741211,913
2020-01-14,65.91000366210938,65.94000244140625,65.9000015258789,65.91000366210938,65.91000366210938,1025
2020-01-15,66.06999969482422,66.12000274658203,66.0199966430664,66.04000091552734,66.04000091552734,19576
2020-01-16,66.05000305175781,66.05000305175781,65.98999786376953,65.9800033569336,65.9800033569336,1284
2020-01-17,66.08999633789062,66.08999633789062,65.87999725341797,66.0199966430664,66.0199966430664,2539
2020-01-20,66.05999755859375,66.08000183105469,66.01000213623047,66.05999755859375,66.05999755859375,3154
2020-01-21,66.08999633789062,66.0999984741211,65.9800033569336,66.19000244140625,66.19000244140625,110842
2020-01-22,66.06999969482422,66.22000122070312,66.06999969482422,66.23999786376953,66.23999786376953,2427
2020-01-23,66.43000030517578,66.47000122070312,66.37999725341797,66.54000091552734,66.54000091552734,4490
2020-01-24,66.55000305175781,66.63999938964844,66.51000213623047,66.62000274658203,66.62000274658203,5198
2020-01-27,66.98999786376953,67.11000061035156,66.95999908447266,67.06999969482422,67.06999969482422,250657
2020-01-31,67.30000305175781,67.48999786376953,67.30000305175781,67.4800033569336,67.4800033569336,8501
2020-02-03,67.30999755859375,67.30999755859375,67.1500015258789,67.22000122070312,67.22000122070312,12117
2020-02-04,67.16999816894531,67.19000244140625,67.06999969482422,67.11000061035156,67.11000061035156,13269
2020-02-05,67.16000366210938,67.16000366210938,66.91999816894531,66.97000122070312,66.97000122070312,94388
2020-02-06,66.91000366210938,66.94000244140625,66.86000061035156,66.94000244140625,66.94000244140625,3816
2020-02-07,67.08999633789062,67.11000061035156,66.45999908447266,67.06999969482422,67.06999969482422,2284
2020-02-10,67.06999969482422,67.20999908447266,67.06999969482422,67.18000030517578,67.18000030517578,3110
2020-02-11,67.13999938964844,67.16000366210938,67.05000305175781,67.06999969482422,67.06999969482422,4372
2020-02-12,67.11000061035156,67.18000030517578,67.11000061035156,67.12999725341797,67.12999725341797,2762
2020-02-13,67.19999694824219,67.26000213623047,67.18000030517578,67.22000122070312,67.22000122070312,10382
2020-02-14,67.22000122070312,67.2699966430664,67.19999694824219,67.2300033569336,67.2300033569336,3784
2020-02-17,67.2300033569336,67.27999877929688,67.2300033569336,67.25,67.25,4014
2020-02-18,67.4000015258789,67.4000015258789,67.16999816894531,67.25,67.25,6294
2020-02-19,67.19999694824219,67.33999633789062,67.19000244140625,67.29000091552734,67.29000091552734,2557
2020-02-20,67.44999694824219,67.61000061035156,67.43000030517578,67.51000213623047,67.51000213623047,6787
2020-02-21,67.55000305175781,67.5999984741211,67.55000305175781,67.5199966430664,67.5199966430664,1356
2020-02-24,67.64600372314453,67.6719970703125,67.56400299072266,67.56400299072266,67.56400299072266,1640
2020-02-25,67.48999786376953,67.62000274658203,67.48999786376953,67.62999725341797,67.62999725341797,4037
2020-02-26,67.55000305175781,67.55000305175781,67.38999938964844,67.5,67.5,10952
2020-02-27,67.47000122070312,67.47000122070312,67.30999755859375,67.47000122070312,67.47000122070312,378767
2020-02-28,67.5999984741211,67.63999938964844,67.54000091552734,67.6500015258789,67.6500015258789,9763
2020-03-03,67.66000366210938,67.94000244140625,67.66000366210938,67.98999786376953,67.98999786376953,23726
2020-03-04,68.0,68.08999633789062,67.94999694824219,67.95999908447266,67.95999908447266,9665
2020-03-05,67.86000061035156,67.94000244140625,67.8499984741211,67.93000030517578,67.93000030517578,3977
2020-03-06,67.91000366210938,68.1500015258789,67.88999938964844,68.12000274658203,68.12000274658203,3277
2020-03-10,67.79000091552734,67.9000015258789,67.55999755859375,67.79000091552734,67.79000091552734,27613
2020-03-11,67.9000015258789,68.26000213623047,67.69999694824219,68.11000061035156,68.11000061035156,11957
2020-03-12,68.01000213623047,68.01000213623047,66.55999755859375,67.4000015258789,67.4000015258789,3512
2020-03-13,66.4800033569336,66.4800033569336,65.55000305175781,66.16999816894531,66.16999816894531,12344
2020-03-17,65.02999877929688,65.18000030517578,64.27999877929688,64.54000091552734,64.54000091552734,58232
2020-03-18,64.0199966430664,64.0199966430664,63.189998626708984,64.19999694824219,64.19999694824219,21789
2020-03-19,65.62000274658203,65.62000274658203,64.55000305175781,65.05000305175781,65.05000305175781,2871
2020-03-20,65.38999938964844,66.11000061035156,65.37999725341797,65.88999938964844,65.88999938964844,8574
2020-03-24,65.69000244140625,65.69000244140625,65.13999938964844,65.30000305175781,65.30000305175781,4415
2020-03-25,64.9000015258789,65.55999755859375,64.9000015258789,65.16000366210938,65.16000366210938,4697
2020-03-26,65.66999816894531,66.08000183105469,65.13999938964844,66.0199966430664,66.0199966430664,2299
2020-03-27,66.80000305175781,66.80000305175781,66.18000030517578,66.44999694824219,66.44999694824219,1651
2020-03-30,70.5999984741211,70.5999984741211,70.5999984741211,70.5999984741211,70.5999984741211,271
2020-03-31,66.19999694824219,66.4000015258789,65.61000061035156,65.8499984741211,65.8499984741211,2966
2020-04-01,66.02999877929688,66.02999877929688,65.56999969482422,65.77999877929688,65.77999877929688,1207
2020-04-02,65.80500030517578,65.80500030517578,65.80500030517578,65.80500030517578,65.80500030517578,0
2020-04-03,65.66999816894531,65.66999816894531,65.66999816894531,65.66999816894531,65.66999816894531,0
2020-04-06,65.552001953125,65.87799835205078,65.33399963378906,65.66200256347656,65.66200256347656,1642
2020-04-07,65.23500061035156,65.23500061035156,65.23500061035156,65.23500061035156,65.23500061035156,0
2020-04-08,65.45999908447266,65.45999908447266,65.45999908447266,65.13999938964844,65.13999938964844,1
2020-04-09,65.41500091552734,65.41500091552734,65.41500091552734,65.41500091552734,65.41500091552734,0
2020-04-14,65.52999877929688,65.66999816894531,65.52999877929688,65.26000213623047,65.26000213623047,218
2020-04-15,65.0199966430664,65.0199966430664,65.0199966430664,65.38999938964844,65.38999938964844,1
2020-04-16,65.48999786376953,65.48999786376953,65.48999786376953,65.48999786376953,65.48999786376953,0
2020-04-17,65.83000183105469,65.8499984741211,65.83000183105469,65.58499908447266,65.58499908447266,87
2020-04-20,65.66000366210938,65.66000366210938,65.44000244140625,65.19499969482422,65.19499969482422,276
2020-04-21,65.55999755859375,65.55999755859375,65.51000213623047,64.96499633789062,64.96499633789062,2754
2020-04-22,64.66000366210938,64.66000366210938,64.66000366210938,64.74500274658203,64.74500274658203,4350
2020-04-23,65.05500030517578,65.05500030517578,65.05500030517578,65.05500030517578,65.05500030517578,0
2020-04-24,65.22799682617188,65.22799682617188,65.22799682617188,65.43499755859375,65.43499755859375,8
2020-04-27,65.56500244140625,65.56500244140625,65.56500244140625,65.56500244140625,65.56500244140625,0
2020-04-28,65.87999725341797,65.87999725341797,65.87999725341797,65.70999908447266,65.70999908447266,10
2020-04-29,65.91449737548828,65.91449737548828,65.91449737548828,65.81999969482422,65.81999969482422,425
2020-04-30,65.91449737548828,65.91449737548828,65.7699966430664,66.16000366210938,66.16000366210938,441
2020-05-04,66.23999786376953,66.23999786376953,65.66999816894531,65.97000122070312,65.97000122070312,2250
2020-05-05,65.86000061035156,65.86000061035156,65.86000061035156,65.86000061035156,65.86000061035156,0
2020-05-06,65.44499969482422,65.44499969482422,65.44499969482422,65.44499969482422,65.44499969482422,0
2020-05-07,65.66000366210938,65.66000366210938,65.66000366210938,65.66000366210938,65.66000366210938,0
2020-05-08,65.66000366210938,65.66000366210938,65.66000366210938,65.66000366210938,65.66000366210938,0
2020-05-11,65.58999633789062,65.58999633789062,65.58999633789062,65.58999633789062,65.58999633789062,0
2020-05-12,65.6500015258789,65.6500015258789,65.6500015258789,65.6500015258789,65.6500015258789,0
2020-05-13,65.87000274658203,65.87000274658203,65.87000274658203,65.87000274658203,65.87000274658203,0
2020-05-14,65.80999755859375,65.80999755859375,65.80999755859375,65.80999755859375,65.80999755859375,0
2020-05-15,66.12999725341797,66.12999725341797,66.12999725341797,65.7300033569336,65.7300033569336,7
2020-05-18,65.76000213623047,65.76000213623047,65.76000213623047,65.76000213623047,65.76000213623047,0
2020-05-19,65.9000015258789,65.9000015258789,65.9000015258789,65.9000015258789,65.9000015258789,0
2020-05-20,66.00499725341797,66.00499725341797,66.00499725341797,66.00499725341797,66.00499725341797,0
2020-05-21,66.06500244140625,66.06500244140625,66.06500244140625,66.06500244140625,66.06500244140625,0
2020-05-22,66.04499816894531,66.04499816894531,66.04499816894531,66.04499816894531,66.04499816894531,0
2020-05-25,66.04499816894531,66.04499816894531,66.04499816894531,66.04499816894531,66.04499816894531,0
2020-05-26,66.08999633789062,66.08999633789062,65.8759994506836,66.05999755859375,66.05999755859375,1141
2020-05-27,66.0199966430664,66.1500015258789,65.95999908447266,66.11000061035156,66.11000061035156,9002
2020-05-28,66.01000213623047,66.2300033569336,66.01000213623047,66.26000213623047,66.26000213623047,2697
2020-05-29,66.3499984741211,66.55999755859375,66.30999755859375,66.33999633789062,66.33999633789062,23774
2020-06-01,66.30999755859375,66.30999755859375,66.12999725341797,66.12000274658203,66.12000274658203,1373
2020-06-02,66.20999908447266,66.22000122070312,66.20999908447266,66.20999908447266,66.20999908447266,1088
2020-06-03,66.12999725341797,66.12999725341797,65.83000183105469,65.8499984741211,65.8499984741211,20997
2020-06-04,65.87999725341797,66.12000274658203,65.8499984741211,66.04000091552734,66.04000091552734,3692
2020-06-05,65.9800033569336,66.0199966430664,65.83999633789062,65.87999725341797,65.87999725341797,5080
